url,title,authors,year,genre,difficulty,description,covers,covers_alt
http://www.infocom-if.org/games/stationfall/stationfall.html,Stationfall,Steve Meretzky,1987,Science-Fiction,Advanced,"After the fall of the Second Galactic Union in 1716 GY a ten-thousand-year dark age settled upon the galaxy. Interstellar travel was nonexistent and many star systems descended into a near-barbaric state buring coal and gas for energy and growing food directly from exposed topsoil. In 11203 GY a treaty between the Empires of Tremain and Galium formed the Third Galactic Union. Ships of the Stellar Patrol (a pseudo-military wing of the Union government on Tremain) began exploring the galaxy searching for the human civilizations that are the remnants of the Second Union. You are a native of the planet Gallium one of the most politically powerful but culturally barren worlds in the Union. Your great-great-grandfather was a founding officer of the Stellar Patrol and for five generations your family has served in the Patrol. It was always taken for granted that you would sign up as soon as you came of age. Once you joined the Patrol you discovered that the exciting career promised in all the Patrol recruitment brochures was nonsense. Your life was drudgery and demerits. The one time you got to see an exotic planet was right after a big parade when they needed a detail to sweep up all the confetti. Then came your big moment: shipwrecked on a seemingly deserted world you met an exuberant robotic companion named Floyd. Together the two of you discovered the secret of that mysterious planet Resida and saved it from near destruction.The story of that heroic deed was told in Planetfall. As a result of your heroics you were offered and quickly accepted a juicy promotion. Good-bye Ensign Seventh Class -- hello Lieutenant First Class! No more scrubwork! No more bathroom details! No more cleaning groth cages! Finally your life in the Stellar Patrol would be as exciting as those brochures had promised! Oh how naive you'd been. Your daily routine simply replaced tedious scrubwork with tedious paperwork. Since your planetfall on Resida five long years have dragged by without a single event worthy of note. Why just look at today's ""thrilling"" assignment: scooting over to Space Station Gamma Delta Gamma 777-G 59/59 Sector Alpha-Mu-79 to pick up a supply of Request for Stellar Patrol Issue Regulation Black Form Binders Request Form Forms...",http://www.infocom-if.org/games/stationfall/stationfallfront_th.jpg; http://www.infocom-if.org/games/stationfall/stationfallback_th.jpg,Stationfall front; Stationfall back
http://www.infocom-if.org/games/deadline/deadline.html,Deadline,Marc Blank,1982,Mystery,Expert,"A wealthy industrialist Mr. Marshall Robner locked himself in the upstairs library of his New England colonial estate one night and committed suicide by taking a lethal overdose of anti-depressants. Or did he? You are the Chief of Detectives. You've been asked by Robner's attorney to make a thorough investigation of the case simply to ""quash the suspicions which are inevitable"" when a moneyed man dies a sudden and unnatural death. The Medical Examiner found nothing unusual and interviews with family members and family associates are consistent with the idea that Robner committed suicide. Everything fits neatly -- maybe too neatly. You smell foul play and you have 12 hours to crack the case. If you arrest someone you'd better have the three traditional ingredients to an ironclad case for the prosecution: the accused must have had a motive a method and ample opportunity to commit the crime. There are many possible endings to this case and the one you reach is determined by your actions and by the deductions you draw from the evidence you gather. But one ending fits the facts better than any other and you will know it when you reach it.",http://www.infocom-if.org/games/deadline/deadlinefront_th.jpg; http://www.infocom-if.org/games/deadline/deadlineback_th.jpg,Deadline front; Deadline back
http://www.infocom-if.org/games/nordbert/nordbert.html,Nord & Bert,Jeff O'Neill,1987,Interactive Short Stories,Expert,"Nord and Bert Couldn't Make Head or Tail of It is different from any other Infocom story you may have seen. Rather than being one long story it's a collection of eight short stories or scenarios. Each of the eight stories involves some sort of punning wordplay or verbal trickery. The people and items you meet in one scenario won't appear in another and so each story is played independently of the others. However to get into the scenario called Meet the Mayor you need to know seven passwords. You get one password everytime you complete one of the other seven scenarios. You can play these other seven scenarios in any order. Nord and Bert also differs from other Infocom stories in that no mapping is needed and you won't use compass directions to move from one place to another. Instead the status line (at the top of your screen) will tell you what places you can go next. For example the status line might say something like this: You can go: Barn Stable Field Just type the name of the place you want to go and press the RETURN (or ENTER) key; in this case you can just type BARN or STABLE or FIELD. Another new feature of Nord and Bert is the inclusion of hints. If you ever get stuck you can type HINT and press the RETURN (or ENTER) key. Then follow the instructions on your screen. Hints are organized by subject: so if you are stuck on a problem which involves a hat look for hints under the word ""hat."" Nord and Bert also has a new way of examining objects. You can examine an object in any of the stories just by typing the name of the object. For instance to look at a trash compactor you can type LOOK AT THE COMPACTOR or more simply COMPACTOR. Of course you also might want to LOOK INSIDE or OPEN THE COMPACTOR. To solve some of the short stories you will need to ""transform"" some objects into other objects by using hormonyms or ""spoonerisms."" (Hormonyms are different words that sound the same like ""bare"" and ""bear""; spoonerisms are words with sounds transposed like ""blowing grade"" and ""growing blade."") For example: There are some lunching mobsters here. >MUNCHING LOBSTERS With guns and butter but without missing a mouthful the lunching mobsters around the table become munching lobsters. or A tuft of hair rocks gently in the breeze. The hair twitches. >HARE A cute brown hare hops toward you nose and tail twitching.",http://www.infocom-if.org/games/nordbert/nordbertfront_th.jpg; http://www.infocom-if.org/games/nordbert/nordbertback_th.jpg,Nord & Bert front; Nord & Bert back
http://www.infocom-if.org/games/hhjinx/hjinx.html,Hollywood Hijinx,Hollywood Dave Anderson and Liz Cyr-Jones,1987,Adventure,Standard,As a child you spent most of your summers with your Aunt Hildegard and Uncle Buddy. What memories! Uncle Buddy was a Hollywood big-shot Aunt Hildegard his loving (and very rich!) wife. They had no children on their own but you and your cousins loved their house their parties the Hollywood memorabilia and them. Sure Buddy and Hildy were a bit eccentric - but that added to their charm. Aunt Hildegard kept the house when Uncle Buddy passed away. And now that she's suddenly died you remember her unusual will. You will inherit the entire estate - probably worth millions - if you can spend one night in the house and on the grounds and find a treasure or two. But if you can't then you inherit nothing. And so Hollywood Hijinx begins with you being dropped off in front of a dark house not too far from Hollywood...,http://www.infocom-if.org/games/hhjinx/hhjinxfront_th.jpg; http://www.infocom-if.org/games/hhjinx/hhjinxback_th.jpg,Hollywood Hijinx front; Hollywood Hijinx back
http://www.infocom-if.org/games/moonmist/moonmist.html,Moonmist,Stu Galley and Jim Lawrence,1986,Mystery,Introductory,In Moonmist you are a famous young American detective. An old friend Tamara Lynd has written you a letter asking for your help. And so you have travelled to England to test your detective skills. As the story begins you meet some interesting guests. But your visit soon turns to mystery as a trail of riddles and clues leads you to a hidden valuable treasure. But Tamara is worried about a ghost that is tormenting her. What does the ghost want? Is it jealous of her? Does the ghost want the hidden treasure for itself? Or is the ghost a fake -- just someone dressing up to frighten Tamara? If so why? These mysteries and others are waiting to test your wits in Moonmist,http://www.infocom-if.org/games/moonmist/moonmistfront_th.jpg; http://www.infocom-if.org/games/moonmist/moonmistback_th.jpg,Moonmist front; Moonmist back
http://www.infocom-if.org/games/hhgttg/hhgttg.html,Hitchhiker's Guide,Douglas Adams and Steve Meretzky,1984,Science-Fiction,Standard,Don't Panic! Relax because everything you need to know about playing The Hitchhiker's Guide to the Galaxy is contained in the pages of this manual. In this story you will be Arthur Dent a rather ordinary earth creature who gets swept up in a whirlwind of interstellar adventures almost beyond comprehension. As the story begins bulldozers are waiting to reduce your house to rubble to make way for a motorway bypass. While you attempt to deal with this problem your rather strange friend Ford Prefect drops by to tell you that the Earth is about to be demolished to make way for an interstellar bypass! If you survive this double threat you'll embark on a series of inter-galactic misadventures even funnier than your worst nightmares! And because anything is possible in The Hitchhiker's Guide to the Galaxy you may soon not even be sure of your own identity! A special note for people who have read the book The Hitchhiker's Guide to the Galaxy:Although the opening of the game is fairly similar to the book the story quickly diverges with lots of new material and different twists. Familiarity with the story may make a few of the early puzzles easier but if you rely too heavily on this previous knowledge you will certainly befuddle yourself.,http://www.infocom-if.org/games/hhgttg/hhgttgfront_th.jpg; http://www.infocom-if.org/games/hhgttg/hhgttgback_th.jpg,Hitchhiker's Guide front; Hitchhiker's Guide back
http://www.infocom-if.org/games/battletech/btech.html,BattleTech,Westwood Associates,1988,RPG,,"In the 31st Century brutal wars are waged in giant machines and human lives are cheaper than water. In this action-packed RPG you are Jason Youngblood a warrior cadet who must fight to preserve his planet his honor and his life. BattleTech includes ""The Arena"" a gladiatorical module you can play again and again to hone your skills and accumulate supplies. BattleTech features the richness of plot and depth of detail that you have come to expect from Infocom games. You will see animated game sequences rendered in the distinctive style of Japanese ""monga"" comics. BattleTech features the largest RPG universe ever created with over four million different locations on the computerized playing board. BattleTech features the most explosive warfare and complicated strategy of any computer RPG. BattleTech is a fully integrated part of FASA's BattleTech universe. It was developed with Westwood Associates creators of Phantasie III Questron II and Summer Games. Your BattleTech package includes a game disk an exciting full-color poster and an official Weapon and 'Mech Recognition Guide.",http://www.infocom-if.org/games/battletech/batfront_th.jpg; http://www.infocom-if.org/games/battletech/batback_th.jpg,Battletech front; Battletech back
http://www.infocom-if.org/games/zork3/zork3.html,Zork III,Dave Lebling and Marc Blank,1982,Fantasy,Advanced,Welcome to ZORK! You are about to experience a classic interactive fantasy set in a magical universe. The ZORK trilogy takes place in the ruins of an ancient empire lying far underground. You a dauntless treasure-hunter are venturing into this dangerous land in search of wealth and adventure. Because each part of the ZORK saga is a completely independent story you can explore them in any order. As ZORK III begins your greatest challenge beckons as you take the final step down into the very heart of the Great Underground Empire. Your character and courage will be tested as the enigmatic Dungeon Master confronts you with predicaments and perils. Your quest hinges upon discovering his secret purpose even as he oversees your ultimate triumph - or destruction!,http://www.infocom-if.org/games/zork3/zork3front_th.jpg; http://www.infocom-if.org/games/zork3/zork3back_th.jpg,Zork III front; Zork III back
http://www.infocom-if.org/games/beyondzork/beyondzork.html,Beyond Zork,Brian Moriarty,1987,Fantasy,Standard,"Dark times have fallen upon the Southlands of Quendor. All the enchanters have disappeared without a trace. Monsters roam the countryside. And the taverns are filled with disturbing rumours and un-savory characters. A simple peasant like yourself knows better than to get involved in the affairs of wizards. But everyone you meet seems intent on testing your abilities to the utmost. You find yourself drawn into a web of fantasy and magic solving puzzles avoiding traps and fighting monsters. Your strength and power grow with every encounter until the most fabulous treasure of all - the fabled Coconut of Quendor - lies within your grasp. If only you can survive long enough to claim it! Unlike other Infocom stories in which your character is ""set"" from the start Beyond Zork lets you create your own character with six attributes: endurance strength dexterity intelligence compassion and luck. Some situations in the story require dexterity some require strength some require intelligence and so on; some situations require a combination of these attributes. You can choose your attributes yourself or you can use a character already set up by the computer. You must fight monsters and solve puzzles to succeed in your quest. Since your success will often depend on your attributes mindful players will try to improve their attributes as they venture onward.",http://www.infocom-if.org/games/beyondzork/beyondfront_th.jpg; http://www.infocom-if.org/games/beyondzork/beyondback_th.jpg,Beyond Zork front; Beyond Zork back
http://www.infocom-if.org/games/starcross/starcross.html,Starcross,Dave Lebling,1982,Science-Fiction,Expert,The year is 2186. Humanity has established colonies on the moon Mars and several of the larger asteroids. Earth's sky is dotted with space habitats and the spaceways are always busy. As usual there is urgent need for energy to power this advanced civilization; one of the primary sources of that energy is quantum black holes. In Starcross you are a miner of black holes scouring the asteroid belt in your one-man survey ship. Finding and harnessing a single black hole can make a person's fortune. It's a lonely business fraught with the known and unknown hazards of space. You've equipped your ship the M.C.S. Starcross with the best gear you could afford. You've put everything into this venture and though you've tried before you somehow sense that this time will be different. The ship's computer handles the functions of navigation and maintenance. You watch the sophisticated mass detector as it unceasingly scans the vicinity for unchartered masses. To assuage the tedium of your long trip you browse through the compact tape library a compendium of human knowledge and culture. But the drone of the ship gradually lulls you into a deep sleep. As you sleep you dream of the riches which would be yours if your search for a quantum black hole is sucessful. Little do you suspect that the alarm on your mass detector is about to jolt you out of your dream - but not to grapple with the long-sought black hole. Your quest hast taken an unexpected turn for you are destined to rendezvous with a gargantuan alien space ship from the outer fringes of the galaxy.,http://www.infocom-if.org/games/starcross/starcrossfront_th.jpg; http://www.infocom-if.org/games/starcross/starcrossback_th.jpg,Starcross front; Starcross back
http://www.infocom-if.org/games/enchanter/enchanter.html,Enchanter,Marc Blank and Dave Lebling,1983,Fantasy,Standard,Welcome to the World of the Enchanter saga - a world where magic is commonplace a world where guilds of professional magic-users spend their lifetimes mastering the intricacies of thaumaturgy a world where great forces of evil must constantly be held at bay. An Evil Warlock has subjugated the land to his power. All who have opposed him have failed. But many years ago in another age the great Elders of the Circle of Enchanters foresaw the possibility of these dreaded occurences. They realized that no fully accomplished Enchanter could penetrate the Warlock's defenses unrecognized and knew that the task of freeing the land would fall to a journeyman conjurer. You have been identified as the Apprentice Enchanter who must save the land from the Warlock. As a fledgling Enchanter you have learned your lessons but have not faced all your tests. You possess great power but in the ranks of necromancers you are a lowly and ignorant person indeed. You have been well trained in the basics of magic and you will be greatly aided by the spells you know and the spells you will learn. But you must also rely on your powers of obersvation and quick wits.,http://www.infocom-if.org/games/enchanter/enchanterfront_th.jpg; http://www.infocom-if.org/games/enchanter/enchanterback_th.jpg,Enchanter front; Enchanter back
http://www.infocom-if.org/games/lanemas/lanemas.html,Lane Mastodon,Steve Meretzky (with Tom Snyder Productions),1988,Infocomics,,In this comic spoof of 1930's science fiction Lane Mastodon accountant turned superhero fights to save humanity from the evil Blubbermen of Jupiter. The tales of these characters and many others are intricately intertwined their paths merging here and diverging there. The end result is a cleverly fascinating story made up of the labyrinth-like structure of the various characters' story lines. Infocomics allow you to wander through this structure following any character's tale and branching to another's whenever their paths intersect. At every turn another piece or another perspective is added to the overall story in an enlightening and often surprising way. The plot thereby delightfully unfolds in a manner that is totally unique to this new storytelling medium.,http://www.infocom-if.org/games/lanemas/lanemasfront_th.jpg; http://www.infocom-if.org/games/lanemas/lanemasback_th.jpg,Lane Mastodon front; Lane Mastodon back
http://www.infocom-if.org/games/plunderedh/plunderedh.html,Plundered Hearts,Amy Briggs,1987,Romance,Introductory,Plundered Hearts is set in the late 1600s where you are living the gentle life of a beautiful young Englishwoman. You have received news that your dear father is ailing and so you are travelling to the West Indies to care for him. As the story opens the ship you are aboard is attacked by pirates and you are carried off by the dashing pirate captain! But this does not dissuade you from your determination to find your father. Along the way you shall encounter danger adventure ... and more than a touch of romance.,http://www.infocom-if.org/games/plunderedh/plunderedfront_th.jpg; http://www.infocom-if.org/games/plunderedh/plunderedback_th.jpg,Plundered Hearts front; Plundered Hearts back
http://www.infocom-if.org/games/sorcerer/sorcerer.html,Sorcerer,Steve Meretzky,1984,Fantasy,Advanced,Welcome to the World of the Enchanter saga - a world where magic is commonplace a world where guilds of professional magic-users spend their lifetimes mastering the intricacies of thaumaturgy a world where great forces of evil must constantly be held at bay. In your late youth you left home to join the Guild of Enchanters. After years of schooling you achieved the rank of Apprentice Enchanter. In fulfillment of an ancient prophecy you were sent to find Krill an evil warlock who had loosed a pestilence upon the land and who threatened the very existence of the Circle of Enchanters. Only someone guileless and inexperienced in the ways of magic could slip into Krill's realm unnoticed. By defeating Krill you earned a seat on the Circle of Enchanters sitting at the right hand of your mentor the leader of the Guild Belboz the Necromancer. Several years have passed and you have grown very close to Belboz as you studied under his tutelage learning the ways of magic from one of the world's most learned practitioners. But lately Belboz has seemed troubled preoccupied withdrawn... small things only a friend would notice. You have even heard frightening noises coming from his chamber and the voices of conversation when Belboz was supposedly alone. His temper has seemed short the last few days and the look in his eyes sends cold shivers down your back. Could some evil spirit be at work here? You are sleepless from worry - Belboz is possibly the most powerful Enchanter in the kingdom. If his powers were used by the forces of darkness instead of the forces of light who knows what would result? And now unbeknownst to you Belboz has vanished.,http://www.infocom-if.org/games/sorcerer/sorcererfront_th.jpg; http://www.infocom-if.org/games/sorcerer/sorcererback_th.jpg,Sorcerer front; Sorcerer back
http://www.infocom-if.org/games/lurkingh/lurkingh.html,The Lurking Horror,Dave Lebling,1987,Horror,Standard,In The Lurking Horror you are a student at G.U.E. Tech. You have braved a snowstorm to get to the Computer Center and finish work on an assignment. But the snowstorm has turned into a raging blizzard and has trapped you in a complex of buildings late at night. You are not alone fortunately ... or perhaps unfortunately. In any event you soon find yourself wandering away from your computer and into the dark nether regions of G.U.E. Tech. Suddenly you're in a world that rivals your most hideous visions a realm of horror lurking beneath the calm corridors and study halls. Shapes emerge from dark corners. Eerie sounds draw closer. Slimy passageways lead to sights so horrifying that they will feed your nightmares for weeks.,http://www.infocom-if.org/games/lurkingh/lurkingfront_th.jpg; http://www.infocom-if.org/games/lurkingh/lurkingback_th.jpg,Lurking Horror front; Lurking Horror back
http://www.infocom-if.org/games/spellbreaker/spellbreaker.html,Spellbreaker,Dave Lebling,1985,Fantasy,Expert,Welcome to the World of the Enchanter saga - a world founded on magic where guilds of magicians have mastered the powers of sorcery; a world now threatened with destruction. You distinguished yourself among the young Enchanters by defeating the evil warlock Krill whose attempt to subjugate the land was thwarted by your clerverness as your inexperience allowed you to succeed where others might fave failed. This earned you a place on the Circle of Enchanters second only to the great Belbox the Necromancer. Then Belboz himself was nearly destroyed and your rescue of him from the evil demon Jeearr earned you the ultimate honor given a mage the leadership of the Circle of Enchanters. Now a crisis has befallen the kingdom. Magic itself seems to be failing. Spells fail to work or go strangely awry the populace is confused and restive and even the Enchanters Guild is baffled. And it is at this conclave that the final conflict between good and evil begins to unfold.,http://www.infocom-if.org/games/spellbreaker/spellfront_th.jpg; http://www.infocom-if.org/games/spellbreaker/spellback_th.jpg,Spellbreaker front; Spellbreaker back
http://www.infocom-if.org/games/seastalker/seastalker.html,Seastalker,Stu Galley and Jim Lawrence,1984,Tales of Adventure,Junior,Welcome to the world of Infocom's junior-level interactive fiction a world where: you can become the hero or heroine in a story you can use your your own thinking and imagination to guide the story from start to finish you can meet other people who may or may not help you and you can go to new places figure out mysteries and puzzles and fight against monsters or enemies. In Seastalker you become a young inventor working in your father's business. Your newest invention is a small submarine that has only two seats inside for you and your pal Tip. The submarine called the Scimitar can dive deeply into the sea to capture plants and animals for you to study. But you will have to use it to save your undersea scientific station from a sea monster that is attacking it!,http://www.infocom-if.org/games/seastalker/seastalkerfront_th.jpg; http://www.infocom-if.org/games/seastalker/seastalkerback_th.jpg,Seastalker front; Seastalker back
http://www.infocom-if.org/games/zorkquest2/zorkq2.html,ZorkQuest II,Elisabeth Langosy (with Tom Snyder Productions),1988,Infocomics,,ZQII picks up shortly after ZorkQuest I: Assault on Egreth Castle. Our caravan of intrepid adventurers is continuing on its journey to Accardi-By-The-Sea. The magician Frobwit is on his way to the Convention of Enchanters and Sorcerers looking forward to telling his friends about his battle with the evil magician (in ZQI). Acia proud and beautiful is travelling to visit her sickly grandmother; while Gurthark the merchant just wants to get his load of quilts to market. These three and the cargo are guarded by the scout Ryker who is head-over-heels in love with Acia. Ahead of them in Accardi-By-The-Sea two young hoodlums have just stolen a powerful spellbook the relic of an ancient circle of wizards known as the Zizbits. Moog a recent graduate of the Frobozz Magic Magic Correspondence School ringleads her old pal Slye into helping her break into the protected ruins of the old Zizbit city. Using spells found in the magic book Moog and Slye fulfill two-thirds of a prophecy that foretells a dark and evil force shadowing the land: a trio of powerful magicians called the Triax. They discover a magic reflecting pool that will answer any question and through it search out a third to complete the Triax. The pool shows them Radnor the powerful and evil wizard of ZQI. Moog determines to bring him to the Zizbit ruins. Meanwhile the caravan from Egreth is beset by a series of calamities. Giant corbies attack the wagon; Acia becomes deathly ill; Gurthark is lost in a disastrous attempt to cross a raging river; Ryker suddenly discovers his strength is gone. Will they complete their journey? What horrors await them in Accardi-By-The-Sea where Moog and Slye are cooking up an evil such as has never been seen in Quendor?,http://www.infocom-if.org/games/zorkquest2/zorkq2front_th.jpg; http://www.infocom-if.org/games/zorkquest2/zorkq2back_th.jpg,ZorkQuest II front; ZorkQuest II back
http://www.infocom-if.org/games/zorkquest1/zorkq1.html,ZorkQuest I,Elisabeth Langosy (with Tom Snyder Productions),1988,Infocomics,,A magic amulet leads a small caravan of travellers to mysterious Egreth Castle the moldering lair of trolls hobgoblins night gaunts and a diabolical wizard! The tales of these characters and many others are intricately intertwined their paths merging here and diverging there. The end result is a cleverly fascinating story made up of the labyrinth-like structure of the various characters' story lines. Infocomics allow you to wander through this structure following any character's tale and branching to another's whenever their paths intersect. At every turn another piece or another perspective is added to the overall story in an enlightening and often surprising way. The plot thereby delightfully unfolds in a manner that is totally unique to this new storytelling medium.,http://www.infocom-if.org/games/zorkquest1/zorkq1front_th.jpg; http://www.infocom-if.org/games/zorkquest1/zorkq1back_th.jpg,ZorkQuest I front; ZorkQuest I back
http://www.infocom-if.org/games/trinity/trinity.html,Trinity,Brian Moriarty,1986,Fantasy,Standard,You're neither an adventurer nor a professional trill-seeker. You're simply an American tourist in London enjoying a relaxing stroll through the famous Kensington Gardens. When World War III starts and the city is vaporized moments after the story begins you have no hope of survival. Unless you enter another time another place another dimension. Escaping the destruction of London is not the end of your problems but rather the beginning of new more bizarre riddles. You'll find yourself in an exotic world teeming with giant fly traps strange creatures and other inconveniences. Time and space will behave with their own intricate and mischievous logic. You'll visit fantastic places and acquire curious objects as you seek to discover the logic behind your newfound universe. And if you can figure out the patter of events you'll wind up in the New Mexico desert minutes before the culmination of the greatest scientific experiment of all time: the world's first atomic explosion code-named Trinity.,http://www.infocom-if.org/games/trinity/trinitfront_th.jpg; http://www.infocom-if.org/games/trinity/trinitiyback_th.jpg,Trinity front; Trinity back
http://www.infocom-if.org/games/zork1/zork1.html,Zork I,Dave Lebling and Marc Blank,1980,Fantasy,Standard,Welcome to ZORK! You are about to experience a classic interactive fantasy set in a magical universe. The ZORK trilogy takes place in the ruins of an ancient empire lying far underground. You a dauntless treasure-hunter are venturing into this dangerous land in search of wealth and adventure. Because each part of the ZORK saga is a completely independent story you can explore them in any order. However since ZORK I is the least difficult it is usually the best place to begin. Many strange tales have been told of the fabulous treasures exotic creatures and diabolical puzzles in the Great Underground Empire. As an aspiring adventurer you will undoubtedly want to locate the treasures and deposit them in your trophy case. You'd better equip yourself with a source of light (for the caverns are dark) and weapons (for some of the inhabitants are unfriendly - especially the thief a skilled pickpocket and ruthless opponent.,http://www.infocom-if.org/games/zork1/zork1front_th.jpg; http://www.infocom-if.org/games/zork1/zork1back_th.jpg,Zork I front; Zork I back
http://www.infocom-if.org/games/suspended/suspended.html,Suspended,Michael Berlyn,1983,Science-Fiction,Expert,You are the Central Mentality on an advanced semi-automated planet. You were supposed to sleep - in limited cryogenic suspension - for the next 500 years 20 miles beneath the surface of the planet while the great Filtering Computers maintained all surface systems. But the computers have taken you out of suspension because something is terribly wrong: the weather has become brutal food production is dangerously low and the Transportation System is malfunctioning causing unprecedented accidents and casualties. The planet is in chaos. You are physically immobilized. But you have six robots at your disposal and you must manipulate them strategically to bring the Filtering Computers back into balance. Each robot has a distinct perception of the world and offers you specific abilities - one offers you sight; a second hearing; a third access to information in the computer memory banks. Through the robots you must save the planet from destruction.,http://www.infocom-if.org/games/suspended/suspendedfront_th.jpg; http://www.infocom-if.org/games/suspended/suspendedback_th.jpg,Suspended front; Suspended back
http://www.infocom-if.org/games/cutthroats/cutthroats.html,Cutthroats,Michael Berlyn and Jerry Wolper,1984,Tales of Adventure,Standard,In Cutthroats you are a skilled diver living on Hardscrabble Island a small seaport past its prime. You will try to salvage a treasure from one of four shipwrecks; if you are successful you will be fabulously and enormously respected among old salts. Some characters in the story will help you; others will try to stop you any way they can. If you can think logically and keep your throat intact the treasure can be yours. There is more than one shipwreck in Cutthroats but in each story you will be trying to recover only one particular treasure. When you restart the story you may find yourself diving for a different treasure.,http://www.infocom-if.org/games/cutthroats/cutthroatsfront_th.jpg; http://www.infocom-if.org/games/cutthroats/cutthroatsback_th.jpg,Cutthroats front; Cutthroats back
http://www.infocom-if.org/games/shogun/shogun.html,Shogun,Dave Lebling (adapted by),1989,Adventure,Expert,In Shogun you play the role of resourceful English seaman John Blackthorne Pilot-Major of the Dutch trader-warship Erasmus which is on a secret mission of trade and plunder to the Spanish-dominated Pacific Ocean. The year is 1600 and the powerful Catholic empire of Spain and Portugal is locked in a death struggle with the upstart Protestant nations of England and Holland. The catholic nations have spread their political and religious influence across the world reaching as far as China and the almost mythical land of Japan extracting great wealth in spices and precious metals. Their extensive knowledge of the Asian seaways is highly secret information coveted by English and Dutch traders. But while the European battle each other a longer and even more vicious struggle is raging among the feudal lords of Japan. After hundreds of years of anarchy Japan was unified by the great warrior Nakamura who became Taiko or military ruler. But the Taiko has died leaving as heir a seven-year-old boy and a five-man Council of Regents to rule in his name. The dominant figures of the Council are Lord Taranaga and Lord Ishido. Each is a daimyo: powerful warrior-rulers who follow the ancient samurai traditions. Each harbors the ambition to be Shogun: supreme ruler under the divine but nearly powerless emperor. Toranaga and Ishido are backed by lesser daimyos and hordes of Samurai. They jockey for position nearly evenly matched looking for any way of bolstering their chances. Perhaps the Jesuits will swing their support behind one candidate or hostages will neutralize a powerful supporter. The balance is delicate and the appearance of the Erasmus creates excitement and new possibilities. It is into the center of this momentous conflict that you John Blackthorne have been thrown and soon you discover that the perils of the sea are almost trifling compared to the danger and intrigue among the samurai lords of Japan. Life in Japan can be a hazardous affair. If you choose the wrong friends or confidants you may find your head detached from your body. But strict adherence to the rules of etiquette some judicious questions and careful listening will enhance your pleasure prestige and prospects for survival.,http://www.infocom-if.org/games/shogun/shogunfront_th.jpg; http://www.infocom-if.org/games/shogun/shogunback_th.jpg,Shogun front; Shogun back
http://www.infocom-if.org/games/fooblitzky/fooblitzky.html,Fooblitzky,Marc Blank Mike Berlyn Poh C. Lim and Paula Maxwell,1986,Board game,,"Most of you interactive fiction fans love the puzzles in Infocom's games. But many of you may not realize that puzzle-solving is also an important part of Infocom's first graphics strategy game Fooblitzky. Here is a Fooblitzky-like logic puzzle; see if you can figure it out. Imagine a town where stores sell only 12 items and where the currency is ""foobles."" Now suppose a contest is held in the town and 4 of the items are secretly designated ""right items."" Your goal is to figure out what the 4 right items are. To help you out city officials tell you the cost (in foobles) of the 4 right items. And every time you bring items to City Hall you'll be told how many of the items you have are right. However you won't be told which items are right. Given the following information can you tell which are the 4 right items? Items costing 4 foobles: banana fish hair spray and screwdriver. Items costing 8 foobles: light bulb sardines snake and toothpaste. Items costing 16 foobles: eyedropper hot dog pig and saw. Suppose you're told that one of the right items costs 4 foobles one costs 8 foobles and two cost 16 foobles. Assume that the two 16-fooble items are different. Player 1 goes to City Hall with a banana a snake an eyedropper and a pig and learns that she's carrying 2 right items. Player 2 goes to City Hall with a banana a light bulb and a snake and learns that he too is carrying 2 right items. Player 3 goes to City Hall with sardines a hot dog a pig and a saw and learns that he is carrying 1 right item. Player 4 goes to City Hall with hair spray toothpaste and a saw and learns that she's carrying 1 right item. With this information you should be able to deduce what the 4 right items are. (In a real game of Fooblitzky you couldn't assume that the two 16-fooble items are different. Try deducing the 4 right items again this time allowing the two 16-fooble items to be the same or different. Is there more than one possibility? Answers here.) Figuring out the right items is just part of the fun in Fooblitzky. You can bump into other players to steal their items; buy or sell items at the pawn shows at discount prices; ride the UGH (the underground gliding highway) to move around the city quickly; hide items from other players in lockers; and so on. And the Chance Man can show up any time sometimes to help you and sometimes to hinder you. Fooblitzky is a lot like your favorite board game: you play against your friends or family rather than against the computer. As in interactive fiction there are dozens or hundreds of alternatives at every turn. And there are so many possibilities in Fooblitzky no two games are alike. We've even put several variations into the program so you can make the game easier harder or stranger.",http://www.infocom-if.org/games/fooblitzky/fooblitzkyfront_th.jpg; http://www.infocom-if.org/games/fooblitzky/fooblitzkyback_th.jpg,Fooblitzky front; Fooblitzky back
http://www.infocom-if.org/games/bureaucracy/bureaucracy.html,Bureaucracy,Douglas Adams (with the staff of Infocom),1987,Comedy,Advanced,Once upon a time (not very long ago) a man moved from one apartment in London to another. He dutifully notified everyone of his new address including his bank; in fact he went to the bank and filled out a change-of-address form himself. The man was very happy in his new apartment. Then one day the man tried to use a credit card but couldn't. He discovered that his bank had invalidated his credit card. Apparently the bank had sent a new card to his old address. For weeks the man tried to get the bank to acknowledge his change-of-address form. He talked to many bank officials and filled out new forms and tried to get a new credit card issued but nothing worked. The man had no credit and the bank behaved like well a bank. It's a sad story one that gets replayed every day for millions of people worldwide. Of course sometimes it's not a bank at fault: sometimes it's the postal service or an insurance company or the telephone company or an airline or the Government. But all of us at one time or another feel persecuted by a bureaucracy. You begin Bureaucracy in your new house. As per the letter in your package you will fly to Paris (for business and pleasure) just as soon as you get some money to take you to the airport. That money should be in today's mail so you should be off soon... unless of course there's some problem with the mail. Oh by the way: The man in our story about the bank was Douglas Adams the principal author of this game. The bank finally did send him a letter apologizing for the inconvenience - but they sent it to his old address.,http://www.infocom-if.org/games/bureaucracy/bureaufront_th.jpg; http://www.infocom-if.org/games/bureaucracy/bureauback_th.jpg,Bureaucracy front; Bureaucracy back
http://www.infocom-if.org/games/planetfall/planetfall.html,Planetfall,Steve Meretzky,1983,Science-Fiction,Standard,"After the fall of the Second Galactic Union in 1716 GY a ten-thousand-year dark age settled upon the galaxy. Interstellar travel was non-existent and many star systems descended into a near-barbaric state buring coal and gas for energy and growing food directly from exposed topsoil. In 11203 GY a treaty between the Empires of Tremain and Galium formed the Third Galactic Union. Ships of the Stellar Patrol (a pseudo-military wing of the Union government on Tremain) began exploring the galaxy searching for the human civilizations that are the remnants of the Second Galactic Union. You are a native of the planet Gallium. Although it is one of the most politically powerful worlds in the Union Gallium is no garden spot. In fact the Gallium Chamber of Commerce brochure entitled ""Ten Great Reasons to Visit Gallium"" ends on page 3. The author ran out of reasons after listing just two. For five generations your family has served in the Stellar Patrol. Your great-great-grandfather was a High Admiral and one of the founding officers of the Patrol. It was taken for granted that when you came of age you would join up. Now more than a year after signing up and two months after being transferred to the S.P.S. Feinstein you are still only ranked Ensign Seventh Class. You superior officer Ensign First Class Blather has been making your life miserable. You're begining to wonder if you're really cut out for the Stellar Patrol...",http://www.infocom-if.org/games/planetfall/planetfallfront_th.jpg; http://www.infocom-if.org/games/planetfall/planetfallback_th.jpg,Planetfall front; Planetfall back
http://www.infocom-if.org/games/wishbringer/wishbringer.html,Wishbringer,Brian Moriarty,1985,Fantasy,Introductory,"In Wishbringer you're a postal clerk in a small seaside village called Festeron. You deliver a strange envelope to a magic shop and discover that an old woman's black cat has been kidnapped by ""the Evil One."" The old woman asks for your help and when you leave the magic shop you find yourself trapped in a nightmare world. Your once-quiet town is now full of goons trolls vultures fortress-like towers and assorted wickedness. You become entangled in the struggle between Good and Evil; extraordinary help is found only in unusual places. Everyone seeks to possess a magic stone of dreams known as Wishbringer; but only you can find it and use its powers to make your town safe again. And you only have a few hours!",http://www.infocom-if.org/games/wishbringer/wishbringerfront_th.jpg; http://www.infocom-if.org/games/wishbringer/wishbringerback_th.jpg,Wishbringer front; Wishbringer back
http://www.infocom-if.org/games/gammaforce/gamma.html,Gamma Force,Amy Briggs (with Tom Snyder Productions),1988,Infocomics,,This exciting superhero series features the Gamma Force a trio of brave aliens each of whom possesses a different power. Thrill to the action as they try to free their planet from an evil overlord and his Pit of a Thousand Screams. The tales of these characters and many others are intricately intertwined their paths merging here and diverging there. The end result is a cleverly fascinating story made up of the labyrinth-like structure of the various characters' story lines. Infocomics allow you to wander through this structure following any character's tale and branching to another's whenever their paths intersect. At every turn another piece or another perspective is added to the overall story in an enlightening and often surprising way. The plot thereby delightfully unfolds in a manner that is totally unique to this new storytelling medium.,http://www.infocom-if.org/games/gammaforce/gammafront_th.jpg; http://www.infocom-if.org/games/gammaforce/gammaback_th.jpg,Gamma Force front; Gamma Force back
http://www.infocom-if.org/games/infidel/infidel.html,Infidel,Michael Berlyn,1983,Tales of Adventure,Advanced,You like to think of yourself as a bold and adventurous soldier of fortune daring to brave the perils of the Egyptian Desert in search of a great lost pyramid. In fact you're a small-time explorer and you've just been marooned by your crew. Thoughts of getting lost starving to death or dying of thirst cross your mind but you are sustained by the faint hope that you can somehow find the pyramid in this smouldering heat. You're all alone. Perhaps the sun has affected your thinking. Do you really expect to find a lost pyramid in this vast endless desert much less survive? Even if you do find it can you get inside? Hardest of all are you capable of matching wits with the ancient Egyptians? Still you're driven onward against desperate odds. Undreamed-of riches and treasures beyond imagination await you. And your pride and dignity your reputation and self-esteem are at stake. For you are branded INFIDEL.,http://www.infocom-if.org/games/infidel/infidelfront_th.jpg; http://www.infocom-if.org/games/infidel/infidelback_th.jpg,Infidel front; Infidel back
http://www.infocom-if.org/games/sherlock/sherlock.html,Sherlock,Bob Bates (Challenge Inc.),1988,Immortal Legends,Standard,In The Riddle of the Crown Jewels you play the role of Doctor Watson. You have received an urgent summons to the rooms of your good friend Sherlock Holmes by his landlady Mrs. Hudson. Normally you are not up and about so early on a Saturday. But here you are outside the Baker Street residence and not a moment too soon; for the fog has thickened and travelling is difficult since you can't see more than a few feet in front of you.,http://www.infocom-if.org/games/sherlock/sherlockfront_th.jpg; http://www.infocom-if.org/games/sherlock/sherlockback_th.jpg,Sherlock front; Sherlock back
http://www.infocom-if.org/games/journey/journey.html,Journey,Marc Blank,1989,Chronicles,Standard,A shadow of evil has fallen over the land. The crops are blighted the earth scorched from lack of rain. Disease and famine ravage the once-prosperous people whose hope of salvation fades with each passing day. The only hope left is to find the wizard Astrix in faint hope that he will emerge from his distant solitude and offer his assistance. A party was dispatched but they haven't been heard from since their departure months ago. Now with winter's hardships looming on the horizon a second expedition has been assembled and will soon embark on a fateful Journey into the unknown. The party of four is led by Bergon a strong and fair man and a carpenter by trade. The Wizard Praxis wise yet unpredictable provides the party with a knowledge of lore and magic. Esher the well-respected (if somehwat curmudgeonly) physician has also been asked to make the trek. Finally Tag an apprentice food merchant has agreed to tend to the party's provisions and to make a diary of its adventures. The tale is told by Tag and the story of your Journey is seen through his eyes. Whether your party meets the fate of its predecessors or returns triumphant is in your hands. In Journey the decisions you make for the party and its members are woven into an epic tale of danger and mystery of breathtaking beauty and heartbreaking loss of desperate struggle and finally of ultimate triumph. Your Journey will provide you with many hours of enjoyment and many hundreds of difficult decisions. But unlike other games you may have played there are virtually no dead ends. Any action you take will advance the story toward one of its many endings. But there is only one ending that is the best. To lead the party to its ultimate victory is a challenge worthy of only the most brave and most clever adventurer.,http://www.infocom-if.org/games/journey/journeyfront_th.jpg; http://www.infocom-if.org/games/journey/journeyback_th.jpg,Journey front; Journey back
http://www.infocom-if.org/games/suspect/suspect.html,Suspect,Dave Lebling,1984,Mystery,Advanced,Halloween night. You are a guest at a very exclusive party: the annual Costume Ball at Ashcroft Farm. You are mingling with society's blue bloods and power brokers sampling caviar and champagne and enjoying the fine orchestra and the outlandish costumes. Quite a treat for a newspaper reporter like you - until someone plays a nasty trick on you. You're framed for a murder you didn't commit You'll have a hard time convincing the police of your innocence. You'll have to figure out who did the heinous crime and why. You'll need irrefutable proof. The murderer is no doubt watching your every move. But you have only a few hours to escape the trap that's been laid for you. The murderer is in your midst laughing behind your back.,http://www.infocom-if.org/games/suspect/suspectfront_th.jpg; http://www.infocom-if.org/games/suspect/suspectback_th.jpg,Suspect front; Suspect back
http://www.infocom-if.org/games/quarterst/quarterst.html,Quarterstaff,Scott Schmitz and Ken Updike,1988,RPG,Standard,You've grown up a man-at-arms in a large sprawling nation in Rhea a world where majic dictates the way of nature and where the longsword is the most efficient lawmaker. The prosperity of your nation and the four neighboring kingdoms has long been maintained by a peaceful network of Druidic sects. The Druids - priests who dwell and pray in groves and wooded glens - have proven themselves to be the wisest advisors and the most lucid of judges. The Druid Council a forum for the various Druidic cults is a powerful and benevolent body whose opinions are valued in the kingdoms throughout the land. Among the most prestigious of sects is that of the Tree Druids who traditionally send at least one of their number to each of the five nearby kingdoms. Their advice both political and spiritual is always respected and depended upon. However during the last six months the usually-stable Tree Druids have begun to act unnaturally. Their attendance at the Druid Council has become oddly erratic and the sect's communication with other Druidic colonies has mysteriously dwindled to nothing. The crops about the Tree colony which had always been faithfully nurtured and harvested now lay overgrown and abandoned. Sinister rumors of epidemic and disaster quickly spread through pubs and taverns. Many an eager adventurer journeyed forth to the Tree Druid colony buried beneath a great oak to find out first-hand what foul fate had befallen the colony though none returned to offer explanation. Three months ago all traces of the sect vanished entirely. Three scouts - famed warriors named Bruno Jaroo and Eolene - were sent by nearby colonies to find out what had happened. Several weeks have passed without a word from them however and once again the people of Rhea have grown restless for news of the sect. Casting about for another warrior to send the Druid Council has called on you to journey forth and discover what unspeakable terror has destroyed the once-prosperous people. You are outfitted with weapons and provisions for one week. Now you stand before the entrance to the tunnels and caverns of the Tree Druids ready to enter...,http://www.infocom-if.org/games/quarterst/quarterfront_th.jpg; http://www.infocom-if.org/games/quarterst/quarterback_th.jpg,Quarterstaff front; Quarterstaff back
http://www.infocom-if.org/games/cornerstone/cornerstone.html,Cornerstone,Brian Berkowitz and Richard Ilson,1985,Database,,Until now unless you were trained in computer programming you've been unable to realize the full potential of your personal computer. That's why we created Cornerstone the first sophisticated database system designed specifically for the non-programmer. Cornerstone is for sales managers who don't want to spend nights organizing the next day's calls. It's for personal directors who never know what kind of report they'll be asked for next. It's for professionals who use Lotus 1-2-3 for budget forecasting but need help managing all kinds of information. It's for entrepreneurs with their own growing businesses. It's for research scientists and accountants plant managers and engineers. (It's even for programmers who are too busy to spend needless time programming.) It's for everyone who wants to get more from a personal computer. Specifications 8000000 characters per file. 120 files per database. 255 saved formats per file. 160 fields per record. Any and all fields can be indexed. Each field may have multiple values (up to 255). Up to 4000 characters per record exapandable by subrecords (all records are variable length). Unique subrecord feature allows information to be organized in a natural way. Each record can contain hundreds of subrecords. Each subrecord may contain up to 4000 characters. Data Types Strings: up to 255 characters per value (expandable using multiple values). Numbers: 15 decimal digits of precision per field. Flexible display styles include dollar signs and commas. Dates: over 100 different display formats supported. Date arithmetic. Time: over 10 different display formats supported. Time arithmetic. Boolean: expressed as True/False; T/F; Yes/No; or Y/N. Enumerated: user-specified set of choices; such as [Red White Blue] or [Cash C.O.D. Net 30 Net 60]. Derived: calculated from other fields in the same or related files. Subrecords: sets of fields grouped as a unit within a file. In effect a file within a file. Features Powerful context-specific help. Explains available commands most recent error messages and even allowable data values. Menu-driven command structure. Commands entered by typing or choosing from the menu. Menus can be hidden for sophisticated users. Interactive report writer. Allows different formats to be used for entering viewing and selecting records. Any field can be indexed at any time (indexing enhances the speed of sorting and selecting operations). Thorough data checking. Includes minimum and maximum values unique values mandatory fields and automatic filling in of fields. On-Disk tutorial Beginner's Guide and Owner's Handbook. Advanced database structures including multi-valued fields enumerated data type and subrecords. Complex selection (search) criteria are storeable for repeated use.,,
http://www.infocom-if.org/games/witness/witness.html,The Witness,Stu Galley,1984,Mystery,Standard,In The Witness you are a police detective working near Los Angeles. The year is 1938 and on this stormy February night a wealthy but frightened man has asked your for protection. In spite of your best efforts a death will occur and you will have twelve hours to solve the mystery and try to arrest the killer. If you think you have enough evidence one or more suspects to convince a jury of their guilt you can arrest them and conclude the case. Your ever-helpful assistant Sergeant Duffy will assist you in taking the accused into custody. (He will also offer help before the arrest if you ask him for it.) You can can except to receive a letter from your superiors about the outcome of the grand jury investigation - and if the District Attorney gets an indictment of the trial itself. If the jury does not convict your higher-ups will probably tell you where you may have erred so that you can profit from your mistakes. Because the state cannot win the case unless it can prove guilt beyond a reasonable doubt you are expected to establish the traditional ingredients of an ironclad case for the prosecution: the accused must have had a motive a method an an ample opportunity to commit the crime. There are many possible endings to this case and the one you reach is determined by your actions and by the deductions you draw from the evidence you gather. But one ending fits the facts better than any and you will know it when you reach it.,http://www.infocom-if.org/games/witness/witnessfront_th.jpg; http://www.infocom-if.org/games/witness/witnessback_th.jpg,Witness front; Witness back
http://www.infocom-if.org/games/zork2/zork2.html,Zork II,Dave Lebling and Marc Blank,1981,Fantasy,Advanced,Welcome to ZORK! You are about to experience a classic interactive fantasy set in a magical universe. The ZORK trilogy takes place in the ruins of an ancient empire lying far underground. You a dauntless treasure-hunter are venturing into this dangerous land in search of wealth and adventure. Because each part of the ZORK saga is a completely independent story you can explore them in any order. In Zork II you will explore a long hidden region of the Empire a region dominated by the Wizard of Frobozz. The Wizard was once a respected Enchanter but when his powers began to fade he was exiled by Lord Dimwit Flathead the Excessive. Now bordering on senility the Wizard is still a force to be reckoned with. Your goal as you venture into the Wizard's realm is to avoid his capricious tricks and learn to control his magic.,http://www.infocom-if.org/games/zork2/zork2front_th.jpg; http://www.infocom-if.org/games/zork2/zork2back_th.jpg,Zork II front; Zork II back
http://www.infocom-if.org/games/leatherg/leatherg.html,Leather Goddesses of Phobos,Steve Meretzky,1986,Comedy,Standard,"1936. In the United States a new miracle fabric called nylon is becoming popular the Great Plains continue to suffer from a severe drought that is turning the region into a Dust Bowl Alf Landon is running for President Victor Hess is receiving the Nobel Prize for Physics for discovering cosmic radiation Gone With the Wind is the best-selling novel and steak is twenty-five cents a pound. Elsewhere black track star Jesse Owen is embarrassing Adolph Hitler by winning four gold medals at the Olympic Games in Berlin Edward the VIII of England is abdicating the throne to marry a commoner the Spanish Civil War is beginning to heat up and the Leather Goddesses of Phobos are completing plans to invade the Earth and turn it into their private pleasure world. Don't let anyone ever tell you that nothing happens in Upper Sandusky Ohio because on this day in 1936 you're snatched out of your favorite bar in Upper Sandusky - kidnapped by minions of the evil Leather Goddesses. You are brought back to Phobos as an experimental subject as preparations continue to enslave every man and woman on Earth. If you succeed in escaping the clutches of the Leather Goddesses you will begin an odyssey the likes of which you have never even imagined (except perhaps in certain very enjoyable dreams). With your loyal friend and fellow Earthmate at your side you will begin a naughty bawdy rowdy rousing and very very amusing romp across the solar system. Your mission should you be able to catch your breath long enough to think about it is to collect the materials you'll need to ultimately defeat the Leather Goddesses of Phobos and save humanity! Are you ""up"" for the job?",http://www.infocom-if.org/games/leatherg/leatherfront_th.jpg; http://www.infocom-if.org/games/leatherg/leatherback_th.jpg,Leather Goddesses front; Leather Goddesses back
http://www.infocom-if.org/games/arthur/arthur.html,Arthur,Bob Bates (Challenge Inc.),1989,Immortal Legends,Standard,It has been many years since King Uther has died and his once-proud kingdom is in danger of coming apart at the seams. No one has been able to draw the legendary sword from the stone. No one has been able to unite the country against the invasion of the Saxons. The people grow weary of life without a High King and they are ready to accept a usurper on the throne even though they know he is not the rightful heir. In Arthur you play the role of the young king who has grown up in ignorance of his heritage. The time has come for you to draw Excalibur from the stone and rise up to defend Britain. But before you can do so you must prove to Merlin that you are ready to take up the burden of kingship. As you progress through the game you must earn the wisdom experience and chivalry points that will demonstrate to Merlin that you are indeed ready to claim your birthright.,http://www.infocom-if.org/games/arthur/arthurfront_th.jpg; http://www.infocom-if.org/games/arthur/arthurback_th.jpg,Arthur front; Arthur back
http://www.infocom-if.org/games/ballyhoo/ballyhoo.html,Ballyhoo,Jeff O'Neill,1986,Mystery,Standard,Spurred by your natural curiosity you stick around after the show in the big top hoping to catch an after-hours performance. Perhaps you'll get a peek at an impromptu clown act or watch the late-night feedings of the exotic animals you goggled at earlier. But life at the circus isn't glamorous after the audience has gone home: instead of flashy feats you overhear a mysterious conversation: a little girl - the circus owner's daughter - has been kidnapped! Her father is too naive (or is he too pompously stupid?) to do more than hire an inept detective to find her. He remains blindly loyal to his overworked performers but... could it be an inside job? The girl might be hidden somewhere on the circus grounds... and one of the performers might be her abductor! So you do what anyone would do in these circumstances: set out to rescue the damsel in distress. The odds aren't in your favor: you - a spectator a bystander an outsider in a defensive close-knit community - trying to find a girl you've never met in a place you know nothing about among bizarre people who want nothing to do with you. Some would call you brave. Some would call you foolish. Every circus has its seedy underside. But few are as dangerous as this.,http://www.infocom-if.org/games/ballyhoo/ballyfront_th.jpg; http://www.infocom-if.org/games/ballyhoo/ballyback_th.jpg,Ballyhoo front; Ballyhoo back
http://www.infocom-if.org/games/borderzone/borderzone.html,Border Zone,Marc Blank,1987,Espionage,Advanced,Washington and Moscow are the capitals of the Superpowers but the Cold War is fought at the front: in Eastern Bloc countries like Frobnia and adjacent neutral countries like Litzenburg. In these countries where all strangers are suspect and all actions observed paranoia and vulnerability are inescapable. In these countries innocent travelers get caught in the web of international espoinage. This is the seeetting for Border Zone. Border Zone consists of three chapters. In each chapter you play a different character (an American businessman a Western spy and an Eastern spy) involved in unique puzzles and goals. The chapters take place at different times and at different locations; as a player you will get the most satisfaction if you play the chapters in order. Border Zone has a built-in clock which drives the story forward. Unlike other Infocom stories the clock in Border Zone continues to tick even while you stop to think. So if you find yourself in a dangerous situation you can't just sit back and relax. Whether you type in a command or not characters will move around events will happen and the story will proceed.,http://www.infocom-if.org/games/borderzone/borderzonefront_th.jpg; http://www.infocom-if.org/games/borderzone/borderzoneback_th.jpg,Border Zone front; Border Zone back
http://www.infocom-if.org/games/amfv/amfv.html,A Mind Forever Voyaging,Steve Meretzky,1985,Science-Fiction,Advanced,"Welcome to A Mind Forever Voyaging (which for brevity's sake will henceforth be referred to as AMFV). In this story you will be PRISM the world's first sentient machine. Before you ""boot up"" your disk make sure you read the short story in the first part of the booklet. The story begins in the world of 2031 a world on the brink of chaos. The economy of the United States of North America (USNA) has been stagnating for decades. Crackpot religions are springing up all over the place. Crime and urban decay are rampant. Schools have become violent chaotic places ill-suited for educating children. Today's youth frequently use joybooths to ""tune-out"" the world leading in the extreme case to joybooth suicide where a psychological addict wastes away in his or her private nirvana. The global situation is even grimmer. The calcuttization of the Third World has almost reached its limit causing extreme overpopulation and poverty. This has created a climate ripe for East Bloc adventurism exploiting instability and fanning the numerous flash points around the globe. The superpower race to build an impenetrable missile defense has ended in a tie with the foreseeable but unforseen result that an even more dangerous arms race has begun -- a race to build miniature nuclear weapons some as small as a cigarette pack and smuggle them into enemy cities -- a race which threatens to turn the USNA into a giant police state. Things are bad and it appears that they can only get worse. So when Senator Richard Ryder along with a small group of leaders from government business and the universities announces the Plan for Renewed National Purpose everyone is only too willing to embrace it. Only one thing stands between the Plan and its adoption: a test of its validity. That's why you have been ""awakened"" from your simulated life and had your true nature revealed to you several years ahead of schedule. You have been chosen to use your unique abilities to enter a simulation of the future based on the tenents of the Plan in order to check its effectiveness. The eyes of the world are on you.",http://www.infocom-if.org/games/amfv/amfvfront_th.jpg; http://www.infocom-if.org/games/amfv/amfvback_th.jpg,AMFV front; AMFV back
http://www.infocom-if.org/games/zork0/zork0.html,Zork Zero,Steve Meretzky,1988,Fantasy,Standard,"More than 90 years have passed since the great wizard Megaboz cast the Curse which destroyed Lord Dimwit Flathead the Excessive along with other members of the ruling family the Twelve Flatheads. Now the Curse threatens to bring down the Great Underground Empire itself! Wurb Flathead the current occupant of the throne has sent a clarion to call to the remotest corners of the Empire; half the riches of the kingdom to the person who can allay the Curse. From every province of Quendor courageous adventurers scheming charlatans and wild-eyed crack-pots have streamed into the Imperial Capital of Flatheadia. You are one such treasure-seeker a peasant from an unhead-of village in an obscure province. However you have an important advantage: an ancector of yours a servant in Dimwit's court (who you'll ""play"" during a brief prologue) witnessed Megaboz casting the Curse and obtained a small scrap of wizardly parchment from the mage's pocket. This parchment scrap has been passed down from generation to generation and is now in your possession. Thanks to it you know what none of the other would-be Cursebusters know; you alone know what must be done to stop the Curse! By the time of your arrival at Flatheadia most of the treasure-seekers have given up and returned to their homelands. In fact you discover that most of the population including all figures of authority have fled to distant provinces. And when you awake on the hard floor of the castle on Curse Day you find that even the looters and the most persistent adventurers have departed. In fact as you begin your desperate quest to finde the relics of the Empire you need to stop the Curse your only company is the court jester who spins rhymes for your amusement. Always appearing when you least expect him the jester will confront you with riddles and gamesspring some deadly tricks and give you helpful nudges in the right direction. And throughout he seems to be laughing at some tremendous joke which you can't begin to fathom... Zork Zero is the prequel to the Zork Trilogy one of the most popular best-loved computer games ever written. Zork Zero takes you back to the age of the Flatheads where you can glimpse the Great Underground Empire during its heyday and witness its monumental fall.",http://www.infocom-if.org/games/zork0/zork0front_th.jpg; http://www.infocom-if.org/games/zork0/zork0back_th.jpg,Zork Zero front; Zork Zero back
